{
    "0-12": {
        "AODO": 7200,
        "Cic": -1.043081e-07,
        "Cis": -1.247972e-07,
        "Crc": 200.625,
        "Crs": -18.6875,
        "Cuc": -1.039356e-06,
        "Cus": 9.695068e-06,
        "FIT": 0,
        "IDOT": -1.31081e-10,
        "IODC": 4,
        "IODE": 4,
        "L2": 1,
        "L2P": 0,
        "M0": 1.71649517014,
        "Omega0": -0.0668190079741,
        "Omegad": -2.45916e-09,
        "TOW17": 52966,
        "Tgd": -1.21072e-08,
        "WN": 69,
        "af0": 8.4442552e-05,
        "af1": -4.888534e-12,
        "af2": 0.0,
        "deltan": 1.262038e-09,
        "e": 0.007929,
        "frame1": "True",
        "frame2": "True",
        "frame3": "True",
        "hlth": 0,
        "i0": 0.311191815417,
        "omega": 0.371564386878,
        "sqrtA": 5153.6504536,
        "toc": 323984,
        "toe": 323984,
        "ura": 0
    },
    "0-17": {
        "AODO": 27900,
        "Cic": 1.769513e-07,
        "Cis": 1.266599e-07,
        "Crc": 216.625,
        "Crs": 101.9062,
        "Cuc": 5.42216e-06,
        "Cus": 8.918345e-06,
        "FIT": 0,
        "IDOT": 9.97034e-11,
        "IODC": 61,
        "IODE": 61,
        "L2": 1,
        "L2P": 0,
        "M0": -2.12781258055,
        "Omega0": 0.262359251268,
        "Omegad": -2.394245e-09,
        "TOW17": 52613,
        "Tgd": -1.11759e-08,
        "WN": 69,
        "af0": 0.00030661235,
        "af1": 5.570655e-12,
        "af2": 0.0,
        "deltan": 1.232024e-09,
        "e": 0.013284,
        "frame1": "True",
        "frame2": "True",
        "frame3": "True",
        "hlth": 0,
        "i0": 0.313156303484,
        "omega": -0.521733103786,
        "sqrtA": 5153.7406597,
        "toc": 316800,
        "toe": 316800,
        "ura": 0
    },
    "0-19": {
        "AODO": 27900,
        "Cic": 3.72529e-08,
        "Cis": -2.384186e-07,
        "Crc": 216.0938,
        "Crs": 90.53125,
        "Cuc": 4.626811e-06,
        "Cus": 9.028241e-06,
        "FIT": 0,
        "IDOT": 9.66338e-11,
        "IODC": 42,
        "IODE": 42,
        "L2": 1,
        "L2P": 0,
        "M0": 1.5313748685,
        "Omega0": 0.276830653194,
        "Omegad": -2.461661e-09,
        "TOW17": 52868,
        "Tgd": -1.53668e-08,
        "WN": 69,
        "af0": -0.00012242422,
        "af1": 5.115908e-12,
        "af2": 0.0,
        "deltan": 1.260673e-09,
        "e": 0.009401,
        "frame1": "True",
        "frame2": "True",
        "frame3": "True",
        "hlth": 0,
        "i0": 0.312591169961,
        "omega": 0.537323112134,
        "sqrtA": 5153.6975021,
        "toc": 324000,
        "toe": 324000,
        "ura": 0
    },
    "0-2": {
        "AODO": 18900,
        "Cic": 2.477318e-07,
        "Cis": -1.750886e-07,
        "Crc": 355.5,
        "Crs": 37.5,
        "Cuc": 1.734123e-06,
        "Cus": 8.810312e-07,
        "FIT": 0,
        "IDOT": 2.27374e-13,
        "IODC": 20,
        "IODE": 20,
        "L2": 1,
        "L2P": 0,
        "M0": 2.33384280331,
        "Omega0": 0.555075316224,
        "Omegad": -2.596948e-09,
        "TOW17": 52546,
        "Tgd": -1.76951e-08,
        "WN": 69,
        "af0": -0.00049783383,
        "af1": -5.570655e-12,
        "af2": 0.0,
        "deltan": 1.532612e-09,
        "e": 0.019756,
        "frame1": "True",
        "frame2": "True",
        "frame3": "True",
        "hlth": 0,
        "i0": 0.305466435384,
        "omega": -0.513411243446,
        "sqrtA": 5153.7500191,
        "toc": 316800,
        "toe": 316800,
        "ura": 0
    },
    "0-24": {
        "frame1": "False",
        "frame2": "False",
        "frame3": "False"
    },
    "0-25": {
        "frame1": "False",
        "frame2": "False",
        "frame3": "False"
    },
    "0-4": {
        "frame1": "False",
        "frame2": "False",
        "frame3": "False"
    },
    "0-5": {
        "frame1": "False",
        "frame2": "False",
        "frame3": "False"
    },
    "0-6": {
        "AODO": 27900,
        "Cic": -2.235174e-08,
        "Cis": 1.024455e-07,
        "Crc": 349.8438,
        "Crs": 24.9375,
        "Cuc": 1.419336e-06,
        "Cus": 2.088025e-06,
        "FIT": 0,
        "IDOT": 5.70708e-11,
        "IODC": 37,
        "IODE": 37,
        "L2": 1,
        "L2P": 0,
        "M0": -2.87398999656,
        "Omega0": 0.577183980495,
        "Omegad": -2.625825e-09,
        "TOW17": 52966,
        "Tgd": 4.19095e-09,
        "WN": 69,
        "af0": -0.00031210808,
        "af1": -4.433787e-12,
        "af2": 0.0,
        "deltan": 1.43757e-09,
        "e": 0.001762,
        "frame1": "True",
        "frame2": "True",
        "frame3": "True",
        "hlth": 0,
        "i0": 0.312026890926,
        "omega": -0.344178226776,
        "sqrtA": 5153.5873432,
        "toc": 324000,
        "toe": 324000,
        "ura": 0
    }
}